Name,Average
John,89.0
Alice,86.0
Bob,80.0
Eva,90.0
Michael,81.0
Sophia,90.66666666666667
Oliver,79.0
Isabella,92.66666666666667
Liam,84.66666666666667
Emma,87.0
